fecha,dia_proceso,fase_proceso,temperatura_celsius,presion_biogas_kpa,mq4_ppm,alerta_ia,tipo_alerta
01/01/2025 00:00,1,Latencia,36.92,2.09,308.188206,False,Normal
01/01/2025 01:00,1,Latencia,36.54,2.25,310.237899,False,Normal
01/01/2025 02:00,1,Latencia,36.1,2.72,201.240755,False,Normal
01/01/2025 03:00,1,Latencia,35.33,2.44,286.732313,False,Normal
01/01/2025 04:00,1,Latencia,37.53,1.96,207.258814,False,Normal
01/01/2025 05:00,1,Latencia,36.34,2.53,203.948297,False,Normal
01/01/2025 06:00,1,Latencia,37.54,2.67,232.094592,False,Normal
01/01/2025 07:00,1,Latencia,35.85,2.77,217.432646,False,Normal
01/01/2025 08:00,1,Latencia,36.39,2.13,246.396594,False,Normal
01/01/2025 09:00,1,Latencia,34.77,1.02,204.475635,False,Normal
01/01/2025 10:00,1,Latencia,35.63,2.57,210.662589,False,Normal
01/01/2025 11:00,1,Latencia,37.76,2.0,215.111456,False,Normal
01/01/2025 12:00,1,Latencia,36.73,3.01,247.989708,False,Normal
01/01/2025 13:00,1,Latencia,35.84,1.77,207.575089,False,Normal
01/01/2025 14:00,1,Latencia,35.94,3.16,200.742468,False,Normal
01/01/2025 15:00,1,Latencia,35.28,2.08,205.158414,False,Normal
01/01/2025 16:00,1,Latencia,36.03,1.95,214.364235,False,Normal
01/01/2025 17:00,1,Latencia,35.42,1.67,312.333333,False,Normal
01/01/2025 18:00,1,Latencia,36.22,2.13,303.48625,False,Normal
01/01/2025 19:00,1,Latencia,35.44,1.97,216.790933,False,Normal
01/01/2025 20:00,1,Latencia,34.56,2.53,252.628859,False,Normal
01/01/2025 21:00,1,Latencia,35.29,2.33,221.731454,False,Normal
01/01/2025 22:00,1,Latencia,35.56,2.47,241.675003,False,Normal
01/01/2025 23:00,1,Latencia,36.95,3.16,250.648197,False,Normal
02/01/2025 00:00,2,Latencia,35.75,2.2,214.288225,False,Normal
02/01/2025 01:00,2,Latencia,36.13,1.73,204.646944,False,Normal
02/01/2025 02:00,2,Latencia,36.81,2.31,306.967814,False,Normal
02/01/2025 03:00,2,Latencia,35.35,1.95,316.964952,False,Normal
02/01/2025 04:00,2,Latencia,35.73,2.36,295.539868,False,Normal
02/01/2025 05:00,2,Latencia,37.23,2.31,202.946141,False,Normal
02/01/2025 06:00,2,Latencia,35.85,1.83,304.597651,False,Normal
02/01/2025 07:00,2,Latencia,35.7,2.69,238.118805,False,Normal
02/01/2025 08:00,2,Latencia,36.85,2.91,205.006981,False,Normal
02/01/2025 09:00,2,Latencia,35.7,2.32,316.321356,False,Normal
02/01/2025 10:00,2,Latencia,36.36,3.21,201.597845,False,Normal
02/01/2025 11:00,2,Latencia,36.86,2.81,203.957642,False,Normal
02/01/2025 12:00,2,Latencia,34.31,0.8,211.751307,False,Normal
02/01/2025 13:00,2,Latencia,35.35,2.23,286.955747,False,Normal
02/01/2025 14:00,2,Latencia,35.16,2.43,234.364303,False,Normal
02/01/2025 15:00,2,Latencia,36.79,1.95,204.792451,False,Normal
02/01/2025 16:00,2,Latencia,36.81,2.12,227.060161,False,Normal
02/01/2025 17:00,2,Latencia,36.31,2.38,221.365315,False,Normal
02/01/2025 18:00,2,Latencia,38.0,1.84,205.88219,False,Normal
02/01/2025 19:00,2,Latencia,37.41,2.88,200.584144,False,Normal
02/01/2025 20:00,2,Latencia,35.81,2.5,207.412497,False,Normal
02/01/2025 21:00,2,Latencia,37.21,2.33,309.845012,False,Normal
02/01/2025 22:00,2,Latencia,35.63,2.46,288.749035,False,Normal
02/01/2025 23:00,2,Latencia,35.36,2.52,201.815344,False,Normal
03/01/2025 00:00,3,Latencia,36.17,2.38,209.61084,False,Normal
03/01/2025 01:00,3,Latencia,35.84,2.05,264.402682,False,Normal
03/01/2025 02:00,3,Latencia,34.97,1.68,207.728956,False,Normal
03/01/2025 03:00,3,Latencia,35.64,2.26,200.751221,False,Normal
03/01/2025 04:00,3,Latencia,36.46,1.1,205.789178,False,Normal
03/01/2025 05:00,3,Latencia,35.79,1.99,203.203358,False,Normal
03/01/2025 06:00,3,Latencia,36.99,2.32,216.764495,False,Normal
03/01/2025 07:00,3,Latencia,36.51,2.33,219.86601,False,Normal
03/01/2025 08:00,3,Latencia,36.62,2.43,226.757041,False,Normal
03/01/2025 09:00,3,Latencia,35.62,2.86,248.33089,False,Normal
03/01/2025 10:00,3,Latencia,35.47,2.01,205.074706,False,Normal
03/01/2025 11:00,3,Latencia,38.06,2.07,202.943187,False,Normal
03/01/2025 12:00,3,Latencia,36.21,1.29,209.805566,False,Normal
03/01/2025 13:00,3,Latencia,35.2,2.06,216.483984,False,Normal
03/01/2025 14:00,3,Latencia,35.67,2.68,316.591038,False,Normal
03/01/2025 15:00,3,Latencia,36.7,1.58,203.553935,False,Normal
03/01/2025 16:00,3,Latencia,36.12,2.06,210.370535,False,Normal
03/01/2025 17:00,3,Latencia,34.91,1.38,214.286828,False,Normal
03/01/2025 18:00,3,Latencia,35.06,1.88,205.093414,False,Normal
03/01/2025 19:00,3,Latencia,36.84,3.36,317.026771,False,Normal
03/01/2025 20:00,3,Latencia,36.81,1.0,209.682845,False,Normal
03/01/2025 21:00,3,Latencia,37.13,2.59,285.879008,False,Normal
03/01/2025 22:00,3,Latencia,36.23,2.72,278.435728,False,Normal
03/01/2025 23:00,3,Latencia,36.13,2.39,217.513576,False,Normal
04/01/2025 00:00,4,Latencia,34.63,3.17,311.96884,False,Normal
04/01/2025 01:00,4,Latencia,35.54,2.86,205.006326,False,Normal
04/01/2025 02:00,4,Latencia,37.22,2.37,218.498263,False,Normal
04/01/2025 03:00,4,Latencia,34.83,2.78,226.711832,False,Normal
04/01/2025 04:00,4,Latencia,36.03,1.3,313.197771,False,Normal
04/01/2025 05:00,4,Latencia,35.2,2.5,293.454228,False,Normal
04/01/2025 06:00,4,Latencia,36.14,2.56,314.717148,False,Normal
04/01/2025 07:00,4,Latencia,33.72,2.67,206.592501,False,Normal
04/01/2025 08:00,4,Latencia,35.18,1.67,201.272304,False,Normal
04/01/2025 09:00,4,Latencia,36.15,2.3,226.974864,False,Normal
04/01/2025 10:00,4,Latencia,37.53,2.07,301.758362,False,Normal
04/01/2025 11:00,4,Latencia,33.24,2.78,290.528468,False,Normal
04/01/2025 12:00,4,Latencia,36.17,3.14,270.83842,False,Normal
04/01/2025 13:00,4,Latencia,34.21,1.38,202.941916,False,Normal
04/01/2025 14:00,4,Latencia,36.37,3.08,200.748301,False,Normal
04/01/2025 15:00,4,Latencia,36.02,2.73,303.465922,False,Normal
04/01/2025 16:00,4,Latencia,35.27,2.31,202.812408,False,Normal
04/01/2025 17:00,4,Latencia,35.51,2.2,201.621453,False,Normal
04/01/2025 18:00,4,Latencia,36.12,2.02,201.41908,False,Normal
04/01/2025 19:00,4,Latencia,36.41,1.47,310.849767,False,Normal
04/01/2025 20:00,4,Latencia,36.08,1.39,203.221528,False,Normal
04/01/2025 21:00,4,Latencia,36.78,1.26,211.378954,False,Normal
04/01/2025 22:00,4,Latencia,35.93,1.49,270.366432,False,Normal
04/01/2025 23:00,4,Latencia,36.31,2.67,245.989781,False,Normal
05/01/2025 00:00,5,Latencia,35.1,2.43,218.428589,False,Normal
05/01/2025 01:00,5,Latencia,36.11,2.64,212.198308,False,Normal
05/01/2025 02:00,5,Latencia,36.5,2.57,232.093122,False,Normal
05/01/2025 03:00,5,Latencia,34.97,2.13,213.623126,False,Normal
05/01/2025 04:00,5,Latencia,36.07,2.42,289.471694,False,Normal
05/01/2025 05:00,5,Latencia,37.24,2.39,204.620021,False,Normal
05/01/2025 06:00,5,Latencia,36.23,2.22,210.803706,False,Normal
05/01/2025 07:00,5,Latencia,36.32,2.89,313.784137,False,Normal
05/01/2025 08:00,5,Latencia,36.61,2.35,230.122718,False,Normal
05/01/2025 09:00,5,Latencia,34.35,2.37,202.046808,False,Normal
05/01/2025 10:00,5,Latencia,34.22,2.26,226.969634,False,Normal
05/01/2025 11:00,5,Latencia,36.39,1.4,309.117178,False,Normal
05/01/2025 12:00,5,Latencia,37.11,2.28,202.019556,False,Normal
05/01/2025 13:00,5,Latencia,37.62,1.27,220.575512,False,Normal
05/01/2025 14:00,5,Latencia,35.69,2.26,314.991206,False,Normal
05/01/2025 15:00,5,Latencia,35.7,2.88,208.527318,False,Normal
05/01/2025 16:00,5,Latencia,37.24,3.0,201.216377,False,Normal
05/01/2025 17:00,5,Latencia,35.23,1.51,209.610317,False,Normal
05/01/2025 18:00,5,Latencia,37.1,2.14,219.012596,False,Normal
05/01/2025 19:00,5,Latencia,36.88,2.55,292.052608,False,Normal
05/01/2025 20:00,5,Latencia,36.31,3.1,313.844391,False,Normal
05/01/2025 21:00,5,Latencia,37.88,2.67,313.313463,False,Normal
05/01/2025 22:00,5,Latencia,35.43,1.51,210.893268,False,Normal
05/01/2025 23:00,5,Latencia,35.77,1.83,277.834079,False,Normal
06/01/2025 00:00,6,Latencia,36.02,1.62,245.922444,False,Normal
06/01/2025 01:00,6,Latencia,37.73,2.69,208.775369,False,Normal
06/01/2025 02:00,6,Latencia,36.35,2.2,277.411603,False,Normal
06/01/2025 03:00,6,Latencia,32.7,2.42,308.530325,False,Normal
06/01/2025 04:00,6,Latencia,37.21,2.33,280.959247,False,Normal
06/01/2025 05:00,6,Latencia,35.69,1.58,245.656096,False,Normal
06/01/2025 06:00,6,Latencia,34.82,2.53,203.88248,False,Normal
06/01/2025 07:00,6,Latencia,34.56,2.7,312.339248,False,Normal
06/01/2025 08:00,6,Latencia,36.33,1.89,214.544766,False,Normal
06/01/2025 09:00,6,Latencia,34.56,3.46,209.682618,False,Normal
06/01/2025 10:00,6,Latencia,35.95,2.84,316.518684,False,Normal
06/01/2025 11:00,6,Latencia,37.56,2.2,206.515228,False,Normal
06/01/2025 12:00,6,Latencia,36.53,2.74,290.470481,False,Normal
06/01/2025 13:00,6,Latencia,36.94,2.1,298.150495,False,Normal
06/01/2025 14:00,6,Latencia,35.66,2.57,316.892015,False,Normal
06/01/2025 15:00,6,Latencia,37.12,2.82,277.859666,False,Normal
06/01/2025 16:00,6,Latencia,35.8,2.11,251.246476,False,Normal
06/01/2025 17:00,6,Latencia,35.73,2.75,315.731298,False,Normal
06/01/2025 18:00,6,Latencia,35.99,2.69,215.932912,False,Normal
06/01/2025 19:00,6,Latencia,35.32,1.73,202.826629,False,Normal
06/01/2025 20:00,6,Latencia,35.46,2.22,311.121961,False,Normal
06/01/2025 21:00,6,Latencia,35.64,2.6,216.791559,False,Normal
06/01/2025 22:00,6,Latencia,36.53,1.93,226.758113,False,Normal
06/01/2025 23:00,6,Latencia,35.77,2.49,203.045648,False,Normal
07/01/2025 00:00,7,Latencia,35.72,2.01,306.840798,False,Normal
07/01/2025 01:00,7,Latencia,37.76,1.79,308.20459,False,Normal
07/01/2025 02:00,7,Latencia,35.71,2.47,305.865624,False,Normal
07/01/2025 03:00,7,Latencia,36.29,1.68,310.829676,False,Normal
07/01/2025 04:00,7,Latencia,36.0,2.29,206.138841,False,Normal
07/01/2025 05:00,7,Latencia,34.9,3.1,307.728956,False,Normal
07/01/2025 06:00,7,Latencia,34.45,2.24,284.14441,False,Normal
07/01/2025 07:00,7,Latencia,37.44,2.81,268.167385,False,Normal
07/01/2025 08:00,7,Latencia,35.92,3.15,201.761214,False,Normal
07/01/2025 09:00,7,Latencia,38.08,2.42,221.751336,False,Normal
07/01/2025 10:00,7,Latencia,36.24,1.97,274.630044,False,Normal
07/01/2025 11:00,7,Latencia,36.18,2.42,210.37043,False,Normal
07/01/2025 12:00,7,Latencia,35.58,1.12,208.555982,False,Normal
07/01/2025 13:00,7,Latencia,37.54,1.99,303.011604,False,Normal
07/01/2025 14:00,7,Latencia,36.34,2.31,254.996162,False,Normal
07/01/2025 15:00,7,Latencia,36.66,1.62,207.962031,False,Normal
07/01/2025 16:00,7,Latencia,35.86,1.77,248.815777,False,Normal
07/01/2025 17:00,7,Latencia,34.89,2.9,313.298282,False,Normal
07/01/2025 18:00,7,Latencia,37.38,1.9,278.411603,False,Normal
07/01/2025 19:00,7,Latencia,35.31,3.02,205.787163,False,Normal
07/01/2020 20:00,7,Latencia,35.52,2.2,301.834042,False,Normal
07/01/2020 21:00,7,Latencia,36.17,2.12,305.109855,False,Normal
07/01/2020 22:00,7,Latencia,35.09,2.31,214.364426,False,Normal
07/01/2020 23:00,7,Latencia,36.74,3.27,314.120613,False,Normal
08/01/2025 00:00,8,Activa,36.95,4.36,7887.89269,True,Concentración CH4 Alta
08/01/2025 01:00,8,Activa,35.47,4.11,8537.914281,False,Normal
08/01/2025 02:00,8,Activa,33.67,4.12,7904.382098,False,Normal
08/01/2025 03:00,8,Activa,34.82,4.79,8320.101899,False,Normal
08/01/2025 04:00,8,Activa,34.84,4.68,8527.170465,False,Normal
08/01/2025 05:00,8,Activa,35.05,3.46,7643.085521,False,Normal
08/01/2025 06:00,8,Activa,35.42,4.67,7908.572428,False,Normal
08/01/2025 07:00,8,Activa,35.36,2.22,6790.231998,False,Normal
08/01/2025 08:00,8,Activa,35.33,3.93,6953.518617,False,Normal
08/01/2025 09:00,8,Activa,36.23,3.96,6732.062831,False,Normal
08/01/2025 10:00,8,Activa,35.79,3.79,7788.750131,False,Normal
08/01/2025 11:00,8,Activa,36.96,4.31,8408.877881,False,Normal
08/01/2025 12:00,8,Activa,37.15,4.18,2742.721455,True,Baja Producción
08/01/2025 13:00,8,Activa,35.73,4.74,3165.751684,True,Baja Producción
08/01/2025 14:00,8,Activa,34.7,3.37,2076.711812,True,Baja Producción
08/01/2025 15:00,8,Activa,36.36,4.59,2070.781846,True,Baja Producción
08/01/2025 16:00,8,Activa,35.58,3.69,2700.024545,True,Baja Producción
08/01/2025 17:00,8,Activa,37.07,4.75,2927.423985,True,Baja Producción
08/01/2025 18:00,8,Activa,36.91,4.67,2451.92138,True,Baja Producción
08/01/2025 19:00,8,Activa,36.28,3.81,8140.697071,False,Normal
08/01/2025 20:00,8,Activa,34.97,4.51,7352.378907,False,Normal
08/01/2025 21:00,8,Activa,36.13,3.54,9084.777085,False,Normal
08/01/2025 22:00,8,Activa,36.42,5.34,9237.525539,False,Normal
08/01/2025 23:00,8,Activa,35.46,4.97,9102.508502,False,Normal
09/01/2025 00:00,9,Activa,37.18,4.65,8089.431908,False,Normal
09/01/2025 01:00,9,Activa,36.92,2.63,7468.91036,False,Normal
09/01/2025 02:00,9,Activa,37.14,4.69,8734.195047,False,Normal
09/01/2025 03:00,9,Activa,35.61,3.24,7678.71881,False,Normal
09/01/2025 04:00,9,Activa,37.63,4.51,7922.368943,False,Normal
09/01/2025 05:00,9,Activa,35.67,4.04,6195.40552,False,Normal
09/01/2025 06:00,9,Activa,37.23,4.43,9363.303964,False,Normal
09/01/2025 07:00,9,Activa,35.54,3.62,8047.882193,False,Normal
09/01/2025 08:00,9,Activa,35.14,4.12,8415.823438,False,Normal
09/01/2025 09:00,9,Activa,35.49,4.01,8235.618648,False,Normal
09/01/2025 10:00,9,Activa,38.42,4.83,7815.421697,False,Normal
09/01/2025 11:00,9,Activa,36.71,4.48,8593.593739,False,Normal
09/01/2025 12:00,9,Activa,35.86,3.8,8011.082697,False,Normal
09/01/2025 13:00,9,Activa,36.38,3.08,8609.43981,False,Normal
09/01/2025 14:00,9,Activa,34.74,4.19,7041.13962,False,Normal
09/01/2025 15:00,9,Activa,36.63,4.77,7634.020556,False,Normal
09/01/2025 16:00,9,Activa,35.62,4.61,8332.610574,False,Normal
09/01/2025 17:00,9,Activa,35.84,4.12,8740.165275,False,Normal
09/01/2025 18:00,9,Activa,35.98,4.5,8016.92095,False,Normal
09/01/2025 19:00,9,Activa,37.43,3.25,7338.929821,False,Normal
09/01/2025 20:00,9,Activa,36.66,3.7,6356.969634,False,Normal
09/01/2025 21:00,9,Activa,36.57,3.33,6590.230752,False,Normal
09/01/2025 22:00,9,Activa,35.69,4.07,7886.994689,False,Normal
09/01/2025 23:00,9,Activa,36.4,3.45,8470.970141,False,Normal
10/01/2025 00:00,10,Activa,37.24,3.83,7622.378907,False,Normal
10/01/2025 01:00,10,Activa,37.11,3.55,7509.843187,False,Normal
10/01/2025 02:00,10,Activa,34.11,3.46,8870.407786,False,Normal
10/01/2025 03:00,10,Activa,34.68,3.47,6331.066487,False,Normal
10/01/2025 04:00,10,Activa,34.13,3.99,8741.064567,False,Normal
10/01/2025 05:00,10,Activa,34.83,3.64,8218.428589,False,Normal
10/01/2025 06:00,10,Activa,35.87,3.88,8585.340058,False,Normal
10/01/2025 07:00,10,Activa,35.63,3.8,7329.866576,False,Normal
10/01/2025 08:00,10,Activa,39.06,4.13,6271.696195,False,Normal
10/01/2025 09:00,10,Activa,36.06,4.47,7380.126435,False,Normal
10/01/2025 10:00,10,Activa,37.25,3.88,7291.603348,False,Normal
10/01/2025 11:00,10,Activa,35.39,4.28,8241.748574,False,Normal
10/01/2025 12:00,10,Activa,35.98,4.44,8261.328325,False,Normal
10/01/2025 13:00,10,Activa,37.49,3.9,7311.905973,False,Normal
10/01/2025 14:00,10,Activa,38.45,4.59,7416.790933,False,Normal
10/01/2025 15:00,10,Activa,35.02,4.16,8466.700142,False,Normal
10/01/2025 16:00,10,Activa,36.41,4.69,7752.684496,False,Normal
10/01/2025 17:00,10,Activa,35.96,4.31,7779.467406,False,Normal
10/01/2025 18:00,10,Activa,35.29,2.88,6231.579435,False,Normal
10/01/2025 19:00,10,Activa,35.28,5.59,9210.866953,False,Normal
10/01/2025 20:00,10,Activa,34.66,3.79,8046.732313,False,Normal
10/01/2025 21:00,10,Activa,36.26,4.03,6958.077884,False,Normal
10/01/2025 22:00,10,Activa,35.2,3.53,7035.215234,False,Normal
10/01/2025 23:00,10,Activa,33.99,3.81,8489.167814,False,Normal
11/01/2025 00:00,11,Activa,37.5,4.89,8593.990499,False,Normal
11/01/2025 01:00,11,Activa,35.6,5.03,8935.154944,False,Normal
11/01/2025 02:00,11,Activa,35.61,4.85,7981.309489,False,Normal
11/01/2025 03:00,11,Activa,36.18,4.51,7401.554035,False,Normal
11/01/2025 04:00,11,Activa,37.23,4.15,7234.364303,False,Normal
11/01/2025 05:00,11,Activa,36.04,3.97,8812.559203,False,Normal
11/01/2025 06:00,11,Activa,37.35,4.11,8652.508502,False,Normal
11/01/2025 07:00,11,Activa,35.46,4.59,7091.26786,False,Normal
11/01/2025 08:00,11,Activa,35.04,5.03,7793.630713,False,Normal
11/01/2025 09:00,11,Activa,36.83,4.31,8218.428589,False,Normal
11/01/2025 10:00,11,Activa,35.82,4.13,6867.241571,False,Normal
11/01/2025 11:00,11,Activa,34.88,3.73,9522.697423,False,Normal
11/01/2025 12:00,11,Activa,35.73,3.82,7987.160352,False,Normal
11/01/2025 13:00,11,Activa,36.06,4.99,8459.183416,False,Normal
11/01/2025 14:00,11,Activa,36.18,4.31,8003.541571,False,Normal
11/01/2025 15:00,11,Activa,36.08,3.98,7380.126435,False,Normal
11/01/2025 16:00,11,Activa,37.29,4.15,8056.840798,False,Normal
11/01/2025 17:00,11,Activa,35.9,4.45,8387.954944,False,Normal
11/01/2025 18:00,11,Activa,36.49,2.87,7752.128711,False,Normal
11/01/2025 19:00,11,Activa,35.4,3.65,7943.415055,False,Normal
11/01/2025 20:00,11,Activa,36.71,2.82,7212.723041,False,Normal
11/01/2025 21:00,11,Activa,36.85,4.07,7847.014107,False,Normal
11/01/2025 22:00,11,Activa,34.23,3.97,7632.744158,False,Normal
11/01/2025 23:00,11,Activa,36.09,3.97,8652.111456,False,Normal
12/01/2025 00:00,12,Activa,35.78,4.38,9239.117178,False,Normal
12/01/2025 01:00,12,Activa,37.47,3.67,6590.871871,False,Normal
12/01/2025 02:00,12,Activa,37.26,5.02,8415.753335,False,Normal
12/01/2025 03:00,12,Activa,35.65,2.95,8089.431908,False,Normal
12/01/2025 04:00,12,Activa,34.6,3.9,8345.023249,False,Normal
12/01/2025 05:00,12,Activa,36.87,4.32,7708.384205,False,Normal
12/01/2025 06:00,12,Activa,35.16,4.44,7183.085521,False,Normal
12/01/2025 07:00,12,Activa,36.58,4.53,7981.309489,False,Normal
12/01/2025 08:00,12,Activa,36.91,4.17,8740.165275,False,Normal
12/01/2025 09:00,12,Activa,35.26,4.29,7965.340058,False,Normal
12/01/2025 10:00,12,Activa,34.68,3.87,6301.996162,False,Normal
12/01/2025 11:00,12,Activa,37.24,4.0,8046.732313,False,Normal
12/01/2025 12:00,12,Activa,36.2,3.64,8094.70141,False,Normal
12/01/2025 13:00,12,Activa,36.29,4.55,8810.057786,False,Normal
12/01/2025 14:00,12,Activa,35.87,4.57,8527.060161,False,Normal
12/01/2025 15:00,12,Activa,34.99,4.78,8908.572428,False,Normal
12/01/2025 16:00,12,Activa,36.36,4.32,8330.150537,False,Normal
12/01/2025 17:00,12,Activa,35.28,4.26,8408.20459,False,Normal
12/01/2025 18:00,12,Activa,37.14,3.62,7601.528468,False,Normal
12/01/2025 19:00,12,Activa,35.14,4.3,8704.83981,False,Normal
12/01/2025 20:00,12,Activa,35.47,5.13,6997.77163,False,Normal
12/01/2025 21:00,12,Activa,36.11,3.75,7443.43981,False,Normal
12/01/2025 22:00,12,Activa,37.18,3.51,7731.066487,False,Normal
12/01/2025 23:00,12,Activa,35.92,5.06,9152.094592,False,Normal
13/01/2025 00:00,13,Activa,37.33,3.25,7476.541571,False,Normal
13/01/2025 01:00,13,Activa,35.63,4.02,7639.117178,False,Normal
13/01/2025 02:00,13,Activa,36.92,3.61,7493.593739,False,Normal
13/01/2025 03:00,13,Activa,34.91,4.45,8489.167814,False,Normal
13/01/2025 04:00,13,Activa,36.9,3.61,6958.077884,False,Normal
13/01/2025 05:00,13,Activa,37.29,4.77,8241.748574,False,Normal
13/01/2025 06:00,13,Activa,36.97,3.94,8459.183416,False,Normal
13/01/2025 07:00,13,Activa,35.89,5.34,8150.119047,False,Normal
13/01/2025 08:00,13,Activa,36.74,4.17,7896.790933,False,Normal
13/01/2025 09:00,13,Activa,36.43,4.43,7824.275529,False,Normal
13/01/2025 10:00,13,Activa,37.1,7.4,9779.467406,True,Presión Anormal
13/01/2025 11:00,13,Activa,35.39,4.36,7009.61084,False,Normal
13/01/2025 12:00,13,Activa,37.24,4.56,9044.237899,False,Normal
13/01/2025 13:00,13,Activa,36.04,4.51,7922.368943,False,Normal
13/01/2025 14:00,13,Activa,26.63,2.52,3444.606371,True,Temperatura Anormal
13/01/2025 15:00,13,Activa,37.2,4.38,7981.160352,False,Normal
13/01/2025 16:00,13,Activa,35.89,3.46,7561.411603,False,Normal
13/01/2025 17:00,13,Activa,36.26,3.57,7904.382098,False,Normal
13/01/2025 18:00,13,Activa,35.44,3.46,7132.744158,False,Normal
13/01/2025 19:00,13,Activa,37.25,4.44,8261.328325,False,Normal
13/01/2025 20:00,13,Activa,35.05,4.6,7531.066487,False,Normal
13/01/2025 21:00,13,Activa,35.32,4.31,7443.43981,False,Normal
13/01/2025 22:00,13,Activa,37.18,4.46,8898.340058,False,Normal
13/01/2025 23:00,13,Activa,35.38,4.43,8218.428589,False,Normal
14/01/2025 00:00,14,Activa,35.78,4.44,7762.628859,False,Normal
14/01/2025 01:00,14,Activa,37.97,3.79,6691.082697,False,Normal
14/01/2025 02:00,14,Activa,34.42,3.96,7981.160352,False,Normal
14/01/2025 03:00,14,Activa,38.04,3.68,8345.023249,False,Normal
14/01/2025 04:00,14,Activa,37.56,4.14,6750.046908,False,Normal
14/01/2025 05:00,14,Activa,37.82,4.55,8261.328325,False,Normal
14/01/2025 06:00,14,Activa,36.55,4.23,7877.954944,False,Normal
14/01/2025 07:00,14,Activa,34.53,3.89,8415.753335,False,Normal
14/01/2025 08:00,14,Activa,36.88,4.01,7728.31881,False,Normal
14/01/2025 09:00,14,Activa,35.82,4.23,7329.866576,False,Normal
14/01/2025 10:00,14,Activa,35.77,3.68,7183.085521,False,Normal
14/01/2025 11:00,14,Activa,35.85,4.3,8261.328325,False,Normal
14/01/2025 12:00,14,Activa,35.56,5.29,8168.082697,False,Normal
14/01/2025 13:00,14,Activa,35.75,2.97,5834.777085,False,Normal
14/01/2025 14:00,14,Activa,35.36,4.96,8812.559203,False,Normal
14/01/2025 15:00,14,Activa,35.52,4.1,8140.697071,False,Normal
14/01/2025 16:00,14,Activa,34.75,4.3,8047.882193,False,Normal
14/01/2025 17:00,14,Activa,34.94,4.71,8168.082697,False,Normal
14/01/2025 18:00,14,Activa,34.29,4.53,8094.70141,False,Normal
14/01/2025 19:00,14,Activa,37.03,3.68,7085.340058,False,Normal
14/01/2025 20:00,14,Activa,36.04,5.3,8740.165275,False,Normal
14/01/2025 21:00,14,Activa,36.23,4.27,8908.572428,False,Normal
14/01/2025 22:00,14,Activa,35.65,5.14,8768.653496,False,Normal
14/01/2025 23:00,14,Activa,37.89,3.46,7416.790933,False,Normal
15/01/2025 00:00,15,Activa,37.68,3.57,6356.969634,False,Normal
15/01/2025 01:00,15,Activa,35.38,4.45,8974.748574,False,Normal
15/01/2025 02:00,15,Activa,36.54,4.01,8109.411603,False,Normal
15/01/2025 03:00,15,Activa,36.59,3.39,7212.723041,False,Normal
15/01/2025 04:00,15,Activa,35.57,3.7,7824.275529,False,Normal
15/01/2025 05:00,15,Activa,36.11,4.41,9540.64567,False,Normal
15/01/2025 06:00,15,Activa,36.9,4.62,7708.384205,False,Normal
15/01/2025 07:00,15,Activa,34.85,4.46,8634.195047,False,Normal
15/01/2025 08:00,15,Activa,36.42,3.62,6979.431908,False,Normal
15/01/2025 09:00,15,Activa,37.36,3.59,6763.535359,False,Normal
15/01/2025 10:00,15,Activa,36.46,5.1,9385.154944,False,Normal
15/01/2025 11:00,15,Activa,37.37,4.1,7578.475529,False,Normal
15/01/2025 12:00,15,Activa,35.26,4.09,7728.31881,False,Normal
15/01/2025 13:00,15,Activa,35.24,4.38,8916.1084,False,Normal
15/01/2025 14:00,15,Activa,35.63,4.55,7291.603348,False,Normal
15/01/2025 15:00,15,Activa,36.65,3.43,7708.384205,False,Normal
15/01/2025 16:00,15,Activa,36.79,4.54,7869.167814,False,Normal
15/01/2025 17:00,15,Activa,36.0,4.35,8974.748574,False,Normal
15/01/2025 18:00,15,Activa,37.57,3.58,8537.914281,False,Normal
15/01/2025 19:00,15,Activa,35.69,4.54,9084.777085,False,Normal
15/01/2025 20:00,15,Activa,35.47,4.69,8016.92095,False,Normal
15/01/2025 21:00,15,Activa,36.37,3.21,7847.014107,False,Normal
15/01/2025 22:00,15,Activa,37.68,4.44,7212.723041,False,Normal
15/01/2025 23:00,15,Activa,34.45,3.55,7531.066487,False,Normal
16/01/2025 00:00,16,Activa,36.85,4.27,7493.593739,False,Normal
16/01/2025 01:00,16,Activa,37.74,3.68,8016.92095,False,Normal
16/01/2025 02:00,16,Activa,35.68,4.32,7183.085521,False,Normal
16/01/2025 03:00,16,Activa,36.7,3.63,8185.167814,False,Normal
16/01/2025 04:00,16,Activa,33.8,3.86,7632.744158,False,Normal
16/01/2025 05:00,16,Activa,35.02,3.73,7234.364303,False,Normal
16/01/2025 06:00,16,Activa,36.78,3.43,6356.969634,False,Normal
16/01/2025 07:00,16,Activa,36.9,3.58,6301.996162,False,Normal
16/01/2025 08:00,16,Activa,36.03,5.03,8016.92095,False,Normal
16/01/2025 09:00,16,Activa,35.97,3.74,7380.126435,False,Normal
16/01/2025 10:00,16,Activa,36.04,3.14,7291.603348,False,Normal
16/01/2025 11:00,16,Activa,35.19,4.87,7708.384205,False,Normal
16/01/2025 12:00,16,Activa,35.36,3.29,7509.843187,False,Normal
16/01/2025 13:00,16,Activa,37.34,4.58,8218.428589,False,Normal
16/01/2025 14:00,16,Activa,36.47,4.06,7380.126435,False,Normal
16/01/2025 15:00,16,Activa,35.01,4.79,8289.431908,False,Normal
16/01/2025 16:00,16,Activa,38.58,4.54,7291.603348,False,Normal
16/01/2025 17:00,16,Activa,36.88,3.99,7091.26786,False,Normal
16/01/2025 18:00,16,Activa,37.36,4.2,7476.541571,False,Normal
16/01/2025 19:00,16,Activa,35.84,3.81,8218.428589,False,Normal
16/01/2025 20:00,16,Activa,36.09,3.93,8330.150537,False,Normal
16/01/2025 21:00,16,Activa,35.17,3.84,7922.368943,False,Normal
16/01/2025 22:00,16,Activa,36.04,4.4,7378.085521,False,Normal
16/01/2025 23:00,16,Activa,36.27,4.55,6835.215234,False,Normal
17/01/2025 00:00,17,Activa,35.17,4.61,7678.71881,False,Normal
17/01/2025 01:00,17,Activa,35.21,3.35,9463.303964,False,Normal
17/01/2025 02:00,17,Activa,33.11,3.43,8094.70141,False,Normal
17/01/2025 03:00,17,Activa,36.08,3.78,7311.905973,False,Normal
17/01/2025 04:00,17,Activa,36.29,3.99,8016.92095,False,Normal
17/01/2025 05:00,17,Activa,35.53,3.72,7824.275529,False,Normal
17/01/2025 06:00,17,Activa,37.18,4.02,7132.744158,False,Normal
17/01/2025 07:00,17,Activa,36.33,3.9,6554.43981,False,Normal
17/01/2025 08:00,17,Activa,37.13,4.39,7824.275529,False,Normal
17/01/2025 09:00,17,Activa,35.93,4.56,8089.431908,False,Normal
17/01/2025 10:00,17,Activa,35.83,3.44,8345.023249,False,Normal
17/01/2025 11:00,17,Activa,36.1,3.54,6610.046908,False,Normal
17/01/2025 12:00,17,Activa,35.32,3.97,8261.328325,False,Normal
17/01/2025 13:00,17,Activa,37.86,3.49,7622.378907,False,Normal
17/01/2025 14:00,17,Activa,33.91,3.93,7904.382098,False,Normal
17/01/2025 15:00,17,Activa,36.77,4.66,8593.593739,False,Normal
17/01/2025 16:00,17,Activa,35.08,3.64,6997.77163,False,Normal
17/01/2025 17:00,17,Activa,35.09,3.98,8046.732313,False,Normal
17/01/2025 18:00,17,Activa,36.71,3.07,7531.066487,False,Normal
17/01/2025 19:00,17,Activa,36.69,4.93,9866.700142,False,Normal
17/01/2025 20:00,17,Activa,34.44,4.6,6790.231998,False,Normal
17/01/2025 21:00,17,Activa,35.86,3.81,7965.340058,False,Normal
17/01/2025 22:00,17,Activa,36.99,3.54,8089.431908,False,Normal
17/01/2025 23:00,17,Activa,35.5,3.8,7728.31881,False,Normal
18/01/2025 00:00,18,Activa,36.74,3.71,7311.905973,False,Normal
18/01/2025 01:00,18,Activa,37.64,5.4,9239.117178,False,Normal
18/01/2025 02:00,18,Activa,36.42,3.87,8585.340058,False,Normal
18/01/2025 03:00,18,Activa,35.3,4.05,6784.83981,False,Normal
18/01/2025 04:00,18,Activa,36.72,4.06,8415.753335,False,Normal
18/01/2025 05:00,18,Activa,35.62,3.79,8652.508502,False,Normal
18/01/2025 06:00,18,Activa,36.21,4.62,8870.407786,False,Normal
18/01/2025 07:00,18,Activa,36.41,4.44,8330.150537,False,Normal
18/01/2025 08:00,18,Activa,35.87,2.83,6691.082697,False,Normal
18/01/2025 09:00,18,Activa,36.27,4.96,7752.128711,False,Normal
18/01/2025 10:00,18,Activa,36.15,4.12,9540.64567,False,Normal
18/01/2025 11:00,18,Activa,37.45,4.89,8330.150537,False,Normal
18/01/2025 12:00,18,Activa,35.17,3.69,7378.085521,False,Normal
18/01/2025 13:00,18,Activa,37.53,4.85,8387.954944,False,Normal
18/01/2025 14:00,18,Activa,34.94,5.08,9210.866953,False,Normal
18/01/2025 15:00,18,Activa,35.41,3.94,7380.126435,False,Normal
18/01/2025 16:00,18,Activa,36.58,4.39,7869.167814,False,Normal
18/01/2025 17:00,18,Activa,34.84,4.97,8935.154944,False,Normal
18/01/2025 18:00,18,Activa,36.9,4.39,7183.085521,False,Normal
18/01/2025 19:00,18,Activa,34.9,3.76,8974.748574,False,Normal
18/01/2025 20:00,18,Activa,35.8,3.75,8585.340058,False,Normal
18/01/2025 21:00,18,Activa,34.09,3.76,7561.411603,False,Normal
18/01/2025 22:00,18,Activa,35.54,4.09,8016.92095,False,Normal
18/01/2025 23:00,18,Activa,36.05,3.69,7291.603348,False,Normal
19/01/2025 00:00,19,Activa,36.41,3.32,7212.723041,False,Normal
19/01/2025 01:00,19,Activa,35.93,5.62,9522.697423,False,Normal
19/01/2025 02:00,19,Activa,33.61,3.92,7561.411603,False,Normal
19/01/2025 03:00,19,Activa,35.84,3.76,7886.994689,False,Normal
19/01/2025 04:00,19,Activa,35.76,3.04,7041.13962,False,Normal
19/01/2025 05:00,19,Activa,34.85,4.4,7943.415055,False,Normal
19/01/2025 06:00,19,Activa,38.33,4.44,7416.790933,False,Normal
19/01/2025 07:00,19,Activa,35.92,4.35,7622.378907,False,Normal
19/01/2025 08:00,19,Activa,35.84,3.57,7329.866576,False,Normal
19/01/2025 09:00,19,Activa,35.0,4.1,7085.340058,False,Normal
19/01/2025 10:00,19,Activa,36.19,3.12,7056.840798,False,Normal
19/01/2025 11:00,19,Activa,36.93,3.98,7808.572428,False,Normal
19/01/2025 12:00,19,Activa,35.81,3.6,7869.167814,False,Normal
19/01/2025 13:00,19,Activa,37.13,4.37,8704.83981,False,Normal
19/01/2025 14:00,19,Activa,33.39,4.12,7981.309489,False,Normal
19/01/2025 15:00,19,Activa,36.61,4.8,8304.70141,False,Normal
19/01/2025 16:00,19,Activa,35.79,4.53,6231.579435,False,Normal
19/01/2025 17:00,19,Activa,37.95,3.41,8387.954944,False,Normal
19/01/2025 18:00,19,Activa,36.84,3.48,7922.368943,False,Normal
19/01/2025 19:00,19,Activa,36.72,4.7,9931.066487,True,Concentración CH4 Alta
19/01/2025 20:00,19,Activa,35.98,3.68,7085.340058,False,Normal
19/01/2025 21:00,19,Activa,37.87,3.77,7731.066487,False,Normal
19/01/2025 22:00,19,Activa,35.49,3.62,8218.428589,False,Normal
19/01/2025 23:00,19,Activa,36.47,4.27,7352.378907,False,Normal
20/01/2025 00:00,20,Activa,37.72,4.17,7561.411603,False,Normal
20/01/2025 01:00,20,Activa,36.87,4.51,8489.167814,False,Normal
20/01/2025 02:00,20,Activa,37.32,3.54,6117.391745,False,Normal
20/01/2025 03:00,20,Activa,35.06,4.87,8241.748574,False,Normal
20/01/2025 04:00,20,Activa,36.27,4.3,7509.843187,False,Normal
20/01/2025 05:00,20,Activa,38.39,3.99,7808.572428,False,Normal
20/01/2025 06:00,20,Activa,36.48,4.58,7896.790933,False,Normal
20/01/2025 07:00,20,Activa,34.86,2.8,7531.066487,False,Normal
20/01/2025 08:00,20,Activa,36.1,3.79,8140.697071,False,Normal
20/01/2025 09:00,20,Activa,35.15,5.52,8177.954944,False,Normal
20/01/2025 10:00,20,Activa,34.72,4.1,8289.431908,False,Normal
20/01/2025 11:00,20,Activa,33.48,4.35,8634.195047,False,Normal
20/01/2025 12:00,20,Activa,35.27,3.77,7886.994689,False,Normal
20/01/2025 13:00,20,Activa,37.38,3.11,7311.905973,False,Normal
20/01/2025 14:00,20,Activa,35.95,4.84,7401.554035,False,Normal
20/01/2025 15:00,20,Activa,35.8,4.3,8935.154944,False,Normal
20/01/2025 16:00,20,Activa,34.55,4.25,9687.954944,False,Normal
20/01/2025 17:00,20,Activa,35.52,5.0,8908.572428,False,Normal
20/01/2025 18:00,20,Activa,36.6,5.2,8345.023249,False,Normal
20/01/2025 19:00,20,Activa,37.71,4.41,8704.83981,False,Normal
20/01/2025 20:00,20,Activa,33.83,3.97,8241.748574,False,Normal
20/01/2025 21:00,20,Activa,37.87,4.0,7886.994689,False,Normal
20/01/2025 22:00,20,Activa,35.75,4.1,8427.618648,False,Normal
20/01/2025 23:00,20,Activa,36.74,4.51,9029.237899,False,Normal
21/01/2025 00:00,21,Activa,36.86,4.66,8560.823438,False,Normal
21/01/2025 01:00,21,Activa,34.56,4.21,7380.126435,False,Normal
21/01/2025 02:00,21,Activa,36.55,2.96,8089.431908,False,Normal
21/01/2025 03:00,21,Activa,35.08,4.59,6463.535359,False,Normal
21/01/2025 04:00,21,Activa,34.48,4.56,8046.732313,False,Normal
21/01/2025 05:00,21,Activa,35.14,3.78,6997.77163,False,Normal
21/01/2025 06:00,21,Activa,33.82,3.75,7886.994689,False,Normal
21/01/2025 07:00,21,Activa,36.4,4.02,6423.866576,False,Normal
21/01/2025 08:00,21,Activa,36.99,4.12,7311.905973,False,Normal
21/01/2025 09:00,21,Activa,35.95,4.8,9102.508502,False,Normal
21/01/2025 10:00,21,Activa,35.93,3.09,6634.777085,False,Normal
21/01/2025 11:00,21,Activa,35.54,3.6,7329.866576,False,Normal
21/01/2025 12:00,21,Activa,37.14,4.65,2700.024545,True,Baja Producción
21/01/2025 13:00,21,Activa,35.88,3.37,2368.750131,True,Baja Producción
21/01/2025 14:00,21,Activa,37.41,4.46,2481.328325,True,Baja Producción
21/01/2025 15:00,21,Activa,35.68,4.21,2368.750131,True,Baja Producción
21/01/2025 16:00,21,Activa,35.98,4.31,3326.751684,True,Baja Producción
21/01/2025 17:00,21,Activa,35.61,3.55,2700.024545,True,Baja Producción
21/01/2025 18:00,21,Activa,36.33,4.7,2927.423985,True,Baja Producción
21/01/2025 19:00,21,Activa,36.34,3.43,8261.328325,False,Normal
21/01/2025 20:00,21,Activa,36.43,3.6,7476.541571,False,Normal
21/01/2025 21:00,21,Activa,36.29,3.81,10000.0,True,Concentración CH4 Alta
21/01/2025 22:00,21,Activa,33.96,3.12,8016.92095,False,Normal
21/01/2025 23:00,21,Activa,35.86,3.91,6356.969634,False,Normal
22/01/2025 00:00,22,Activa,35.94,4.52,7212.723041,False,Normal
22/01/2025 01:00,22,Activa,36.19,3.64,8427.618648,False,Normal
22/01/2025 02:00,22,Activa,36.37,5.06,7085.340058,False,Normal
22/01/2025 03:00,22,Activa,36.93,4.68,8094.70141,False,Normal
22/01/2025 04:00,22,Activa,36.16,4.14,7824.275529,False,Normal
22/01/2025 05:00,22,Activa,34.2,4.12,7601.528468,False,Normal
22/01/2025 06:00,22,Activa,35.27,4.34,9500.0,False,Normal
22/01/2025 07:00,22,Activa,36.25,4.9,9459.183416,False,Normal
22/01/2025 08:00,22,Activa,38.15,3.38,8046.732313,False,Normal
22/01/2025 09:00,22,Activa,33.52,3.96,6997.77163,False,Normal
22/01/2025 10:00,22,Activa,36.94,3.63,8704.83981,False,Normal
22/01/2025 11:00,22,Activa,35.32,3.08,8289.431908,False,Normal
22/01/2025 12:00,22,Activa,35.09,4.23,8094.70141,False,Normal
22/01/2025 13:00,22,Activa,36.92,3.95,8016.92095,False,Normal
22/01/2025 14:00,22,Activa,35.08,4.01,8185.167814,False,Normal
22/01/2025 15:00,22,Activa,36.75,4.71,6867.241571,False,Normal
22/01/2025 16:00,22,Activa,35.28,4.37,7622.378907,False,Normal
22/01/2025 17:00,22,Activa,36.64,3.9,8387.954944,False,Normal
22/01/2025 18:00,22,Activa,33.83,4.41,7824.275529,False,Normal
22/01/2025 19:00,22,Activa,36.43,4.1,8652.508502,False,Normal
22/01/2025 20:00,22,Activa,35.2,4.14,7009.61084,False,Normal
22/01/2025 21:00,22,Activa,36.21,4.05,7943.415055,False,Normal
22/01/2025 22:00,22,Activa,35.71,4.35,7622.378907,False,Normal
22/01/2025 23:00,22,Activa,35.22,5.16,9044.237899,False,Normal
23/01/2025 00:00,23,Activa,37.72,4.06,8870.407786,False,Normal
23/01/2025 01:00,23,Activa,36.94,4.14,7886.994689,False,Normal
23/01/2025 02:00,23,Activa,36.46,4.05,7824.275529,False,Normal
23/01/2025 03:00,23,Activa,36.74,4.68,8652.508502,False,Normal
23/01/2025 04:00,23,Activa,38.54,4.58,9540.64567,False,Normal
23/01/2025 05:00,23,Activa,36.14,4.51,8289.431908,False,Normal
23/01/2025 06:00,23,Activa,37.62,3.66,7401.554035,False,Normal
23/01/2025 07:00,23,Activa,35.89,5.38,10000.0,True,Concentración CH4 Alta
23/01/2025 08:00,23,Activa,34.42,3.21,8046.732313,False,Normal
23/01/2025 09:00,23,Activa,36.44,4.74,7824.275529,False,Normal
23/01/2025 10:00,23,Activa,37.36,4.64,9239.117178,False,Normal
23/01/2025 11:00,23,Activa,36.7,4.69,8831.066487,False,Normal
23/01/2025 12:00,23,Activa,35.25,4.21,2110.024545,True,Baja Producción
23/01/2025 13:00,23,Activa,37.71,4.55,2146.541571,True,Baja Producción
23/01/2025 14:00,23,Activa,34.5,4.01,3444.606371,True,Baja Producción
23/01/2025 15:00,23,Activa,37.11,4.1,3247.77163,True,Baja Producción
23/01/2025 16:00,23,Activa,34.53,4.78,2742.721455,True,Baja Producción
23/01/2025 17:00,23,Activa,33.46,4.05,3256.082697,True,Baja Producción
23/01/2025 18:00,23,Activa,35.94,3.54,2542.721455,True,Baja Producción
23/01/2025 19:00,23,Activa,36.37,4.61,7728.31881,False,Normal
23/01/2025 20:00,23,Activa,36.77,4.95,7531.066487,False,Normal
23/01/2025 21:00,23,Activa,36.28,3.61,7183.085521,False,Normal
23/01/2025 22:00,23,Activa,37.4,4.82,8916.1084,False,Normal
23/01/2025 23:00,23,Activa,35.05,3.72,7378.085521,False,Normal
24/01/2025 00:00,24,Activa,37.58,4.44,7965.340058,False,Normal
24/01/2025 01:00,24,Activa,34.46,3.6,6195.40552,False,Normal
24/01/2025 02:00,24,Activa,36.53,4.33,8046.732313,False,Normal
24/01/2025 03:00,24,Activa,35.81,4.37,8094.70141,False,Normal
24/01/2025 04:00,24,Activa,36.74,4.3,8470.970141,False,Normal
24/01/2025 05:00,24,Activa,37.29,3.31,6195.40552,False,Normal
24/01/2025 06:00,24,Activa,36.0,4.61,6835.215234,False,Normal
24/01/2025 07:00,24,Activa,35.81,3.77,8185.167814,False,Normal
24/01/2025 08:00,24,Activa,35.39,3.84,7896.790933,False,Normal
24/01/2025 09:00,24,Activa,35.45,4.21,7291.603348,False,Normal
24/01/2025 10:00,24,Activa,34.51,4.52,8870.407786,False,Normal
24/01/2025 11:00,24,Activa,35.76,3.55,8415.753335,False,Normal
24/01/2025 12:00,24,Activa,35.82,3.84,7085.340058,False,Normal
24/01/2025 13:00,24,Activa,35.35,3.34,7056.840798,False,Normal
24/01/2025 14:00,24,Activa,36.28,3.32,7352.378907,False,Normal
24/01/2025 15:00,24,Activa,36.09,4.09,8218.428589,False,Normal
24/01/2025 16:00,24,Activa,34.67,4.28,8734.195047,False,Normal
24/01/2025 17:00,24,Activa,37.39,4.53,7869.167814,False,Normal
24/01/2025 18:00,24,Activa,34.31,3.78,7601.528468,False,Normal
24/01/2025 19:00,24,Activa,37.74,3.35,7509.843187,False,Alta
24/01/2025 20:00,24,Activa,35.44,3.92,7352.378907,False,Normal
24/01/2025 21:00,24,Activa,34.98,4.26,7183.085521,False,Normal
24/01/2025 22:00,24,Activa,33.71,4.71,8459.183416,False,Baja
24/01/2025 23:00,24,Activa,36.93,3.01,6634.777085,False,Normal
25/01/2025 00:00,25,Activa,35.84,3.31,7981.309489,False,Normal
25/01/2025 01:00,25,Activa,37.08,4.1,9152.094592,False,Normal
25/01/2025 02:00,25,Activa,35.63,4.61,9239.117178,False,Normal
25/01/2025 03:00,25,Activa,36.29,3.12,8046.732313,False,Normal
25/01/2025 04:00,25,Activa,34.96,3.77,8908.572428,False,Normal
25/01/2025 05:00,25,Activa,37.08,3.77,8415.753335,False,Normal
25/01/2025 06:00,25,Activa,36.75,5.15,8330.150537,False,Normal
25/01/2025 07:00,25,Activa,36.15,3.57,8046.732313,False,Normal
25/01/2025 08:00,25,Activa,37.93,3.72,6301.996162,False,Alta
25/01/2025 09:00,25,Activa,36.37,4.41,8289.431908,False,Normal
25/01/2025 10:00,25,Activa,35.92,5.0,9102.508502,False,Normal
25/01/2025 11:00,25,Activa,36.99,4.24,9779.467406,False,Normal
25/01/2025 12:00,25,Activa,35.79,3.46,8094.70141,False,Normal
25/01/2025 13:00,25,Activa,37.21,4.07,7639.117178,False,Normal
25/01/2025 14:00,25,Activa,36.4,3.6,7981.309489,False,Normal
25/01/2025 15:00,25,Activa,36.32,3.89,7056.840798,False,Normal
25/01/2025 16:00,25,Activa,35.58,4.48,8415.753335,False,Normal
25/01/2025 17:00,25,Activa,35.71,4.57,8415.753335,False,Normal
25/01/2025 18:00,25,Activa,36.65,2.53,6835.215234,False,Normal
25/01/2025 19:00,25,Activa,35.92,3.8,6271.696195,False,Normal
25/01/2025 20:00,25,Activa,34.47,3.59,8241.748574,False,Normal
25/01/2025 21:00,25,Activa,33.95,3.79,6423.866576,False,Baja
25/01/2025 22:00,25,Activa,33.93,4.32,8415.753335,False,Baja
25/01/2025 23:00,25,Activa,37.42,5.1,8935.154944,False,Normal
26/01/2025 00:00,26,Activa,34.81,4.4,7601.528468,False,Normal
26/01/2025 01:00,26,Activa,35.48,3.44,8016.92095,False,Normal
26/01/2025 02:00,26,Activa,36.5,3.55,7965.340058,False,Normal
26/01/2025 03:00,26,Activa,37.3,4.15,7056.840798,False,Normal
26/01/2025 04:00,26,Activa,37.14,4.05,7922.368943,False,Normal
26/01/2025 05:00,26,Activa,37.05,4.33,8935.154944,False,Normal
26/01/2025 06:00,26,Activa,35.34,3.51,7056.840798,False,Normal
26/01/2025 07:00,26,Activa,37.56,3.37,6539.117178,False,Alta
26/01/2025 08:00,26,Activa,34.56,3.94,7183.085521,False,Normal
26/01/2025 09:00,26,Activa,35.89,4.03,7601.528468,False,Normal
26/01/2025 10:00,26,Activa,36.18,3.83,6732.062831,False,Normal
26/01/2025 11:00,26,Activa,35.18,3.65,7401.554035,False,Normal
26/01/2025 12:00,26,Activa,34.68,3.64,6493.593739,False,Normal
26/01/2025 13:00,26,Activa,36.42,3.28,7531.066487,False,Normal
26/01/2025 14:00,26,Activa,35.78,4.19,6541.23456789,False,Normal
26/01/2025 15:00,26,Activa,37.15,3.02,8912.34567890,False,Normal
26/01/2025 16:00,26,Activa,37.98,5.11,7012.45678901,False,Alta
26/01/2025 17:00,26,Activa,34.00,3.95,6345.56789012,False,Baja
26/01/2025 18:00,26,Activa,35.55,4.40,9101.67890123,False,Normal
26/01/2025 19:00,26,Activa,37.12,3.15,8234.78901234,False,Normal
26/01/2025 20:00,26,Activa,34.55,4.88,6012.89012345,False,Normal
26/01/2025 21:00,26,Activa,36.01,3.67,9876.90123456,False,Normal
26/01/2025 22:00,26,Activa,33.67,4.01,7543.01234567,False,Baja
26/01/2025 23:00,26,Activa,35.09,2.89,8890.12345678,False,Normal
27/01/2025 00:00,27,Activa,37.60,4.55,9012.23456789,False,Alta
27/01/2025 01:00,27,Activa,34.18,4.32,6789.34567890,False,Normal
27/01/2025 02:00,27,Activa,36.55,3.76,8123.45678901,False,Normal
27/01/2025 03:00,27,Activa,35.91,4.90,7901.56789012,False,Normal
27/01/2025 04:00,27,Activa,34.78,3.44,9876.67890123,False,Normal
27/01/2025 05:00,27,Activa,37.05,4.12,6012.78901234,False,Normal
27/01/2025 06:00,27,Activa,35.15,3.58,7734.89012345,False,Normal
27/01/2025 07:00,27,Activa,36.44,5.01,8156.90123456,False,Normal
27/01/2025 08:00,27,Activa,37.99,3.10,9023.01234567,False,Alta
27/01/2025 09:00,27,Activa,35.88,4.67,6845.12345678,False,Normal
27/01/2025 10:00,27,Activa,34.50,3.21,7567.23456789,False,Normal
27/01/2025 11:00,27,Activa,36.21,4.78,8389.34567890,False,Normal
27/01/2025 12:00,27,Activa,37.10,3.33,9012.45678901,False,Normal
27/01/2025 13:00,27,Activa,34.90,4.04,6789.56789012,False,Normal
27/01/2025 14:00,27,Activa,35.67,2.99,8123.67890123,False,Normal
27/01/2025 15:00,27,Activa,36.93,5.05,7901.78901234,False,Normal
27/01/2025 16:00,27,Activa,37.55,3.87,9876.89012345,False,Alta
27/01/2025 17:00,27,Activa,34.22,4.35,6012.00123456,False,Normal
27/01/2025 18:00,27,Activa,35.80,3.19,7734.11234567,False,Normal
27/01/2025 19:00,27,Activa,36.00,4.99,8156.22345678,False,Normal
27/01/2025 20:00,27,Activa,37.89,3.61,9023.33456789,False,Alta
27/01/2025 21:00,27,Activa,34.10,4.24,6845.44567890,False,Normal
27/01/2025 22:00,27,Activa,35.33,3.50,7567.55678901,False,Normal
27/01/2025 23:00,27,Activa,36.66,4.70,8389.66789012,False,Normal
28/01/2025 00:00,28,Activa,37.40,3.01,9012.77890123,False,Normal
28/01/2025 01:00,28,Activa,34.99,4.11,6789.88901234,False,Normal
28/01/2025 02:00,28,Activa,35.77,3.88,8123.99012345,False,Normal
28/01/2025 03:00,28,Activa,36.20,5.00,7901.10123456,False,Normal
28/01/2025 04:00,28,Activa,37.90,3.55,9876.21234567,False,Alta
28/01/2025 05:00,28,Activa,34.05,4.09,6012.32345678,False,Normal
28/01/2025 06:00,28,Activa,35.50,2.77,7734.43456789,False,Normal
28/01/2025 07:00,28,Activa,36.88,5.19,8156.54567890,False,Normal
28/01/2025 08:00,28,Activa,37.33,3.22,9023.65678901,False,Normal
28/01/2025 09:00,28,Activa,34.61,4.60,6845.76789012,False,Normal
28/01/2025 10:00,28,Activa,35.11,3.41,7567.87890123,False,Normal
28/01/2025 11:00,28,Activa,36.50,4.91,8389.98012345,False,Normal
28/01/2025 12:00,28,Activa,37.01,3.70,9012.09123456,False,Normal
28/01/2025 13:00,28,Activa,34.80,4.55,6789.20234567,False,Normal
28/01/2025 14:00,28,Activa,35.95,3.00,8123.31345678,False,Normal
28/01/2025 15:00,28,Activa,36.33,5.10,7901.42456789,False,Normal
28/01/2025 16:00,28,Activa,37.15,3.66,9876.53567890,False,Normal
28/01/2025 17:00,28,Activa,34.20,4.30,6012.64678901,False,Normal
28/01/2025 18:00,28,Activa,35.44,2.80,7734.75789012,False,Normal
28/01/2025 19:00,28,Activa,36.70,5.05,8156.86890123,False,Normal
28/01/2025 20:00,28,Activa,37.59,3.33,9023.97012345,False,Alta
28/01/2025 21:00,28,Activa,34.50,4.77,6845.08123456,False,Normal
28/01/2025 22:00,28,Activa,35.21,3.55,7567.19234567,False,Normal
28/01/2025 23:00,28,Activa,36.00,4.90,8389.30345678,False,Normal
29/01/2025 00:00,29,Activa,37.45,3.11,9012.41456789,False,Normal
29/01/2025 01:00,29,Activa,34.90,4.00,6789.52567890,False,Normal
29/01/2025 02:00,29,Activa,35.55,3.77,8123.63678901,False,Normal
29/01/2025 03:00,29,Activa,36.33,5.15,7901.74789012,False,Normal
29/01/2025 04:00,29,Activa,37.88,3.44,9876.85890123,False,Alta
29/01/2025 05:00,29,Activa,33.99,4.01,6012.96012345,False,Baja
29/01/2025 06:00,29,Activa,35.05,2.50,7734.07123456,False,Normal
29/01/2025 07:00,29,Activa,36.40,5.20,8156.18234567,False,Normal
29/01/2025 08:00,29,Activa,37.10,3.50,9023.29345678,False,Normal
29/01/2025 09:00,29,Activa,34.70,4.50,6845.40456789,False,Normal
29/01/2025 10:00,29,Activa,35.66,3.30,7567.51567890,False,Normal
29/01/2025 11:00,29,Activa,36.25,4.80,8389.62678901,False,Normal
29/01/2025 12:00,29,Activa,37.00,3.90,9012.73789012,False,Normal
29/01/2025 13:00,29,Activa,34.55,4.40,6789.84890123,False,Normal
29/01/2025 14:00,29,Activa,35.80,2.90,8123.95012345,False,Normal
29/01/2025 15:00,29,Activa,36.11,5.00,7901.06123456,False,Normal
29/01/2025 16:00,29,Activa,37.33,3.77,9876.17234567,False,Normal
29/01/2025 17:00,29,Activa,34.25,4.22,6012.28345678,False,Normal
29/01/2025 18:00,29,Activa,35.70,2.66,7734.39456789,False,Normal
29/01/2025 19:00,29,Activa,36.80,5.10,8156.50567890,False,Normal
29/01/2025 20:00,29,Activa,37.70,3.44,9023.61678901,False,Alta
29/01/2025 21:00,29,Activa,34.80,4.60,6845.72789012,False,Normal
29/01/2025 22:00,29,Activa,35.40,3.70,7567.83890123,False,Normal
29/01/2025 23:00,29,Activa,36.60,4.99,8389.94012345,False,Normal
30/01/2025 00:00,30,Activa,37.15,3.05,9012.05123456,False,Normal
30/01/2025 01:00,30,Activa,34.66,4.10,6789.16234567,False,Normal
30/01/2025 02:00,30,Activa,35.33,3.80,8123.27345678,False,Normal
30/01/2025 03:00,30,Activa,36.00,5.05,7901.38456789,False,Normal
30/01/2025 04:00,30,Activa,37.99,3.55,9876.49567890,False,Alta
30/01/2025 05:00,30,Activa,34.00,4.00,6012.60678901,False,Baja
30/01/2025 06:00,30,Activa,35.10,2.55,7734.71789012,False,Normal
30/01/2025 07:00,30,Activa,36.50,5.19,8156.82890123,False,Normal
30/01/2025 08:00,30,Activa,37.35,3.33,9023.93012345,False,Normal
30/01/2025 09:00,30,Activa,34.50,4.55,6845.04123456,False,Normal
30/01/2025 10:00,30,Activa,35.22,3.41,7567.15234567,False,Normal
30/01/2025 11:00,30,Activa,36.60,4.91,8389.26345678,False,Normal
30/01/2025 12:00,30,Activa,37.05,3.70,9012.37456789,False,Normal
30/01/2025 13:00,30,Activa,34.70,4.55,6789.48567890,False,Normal
30/01/2025 14:00,30,Activa,35.88,3.00,8123.59678901,False,Normal
30/01/2025 15:00,30,Activa,36.15,5.10,7901.70789012,False,Normal
30/01/2025 16:00,30,Activa,37.20,3.66,9876.81890123,False,Normal
30/01/2025 17:00,30,Activa,34.30,4.30,6012.92012345,False,Normal
30/01/2025 18:00,30,Activa,35.55,2.80,7734.03123456,False,Normal
30/01/2025 19:00,30,Activa,36.75,5.05,8156.14234567,False,Normal
30/01/2025 20:00,30,Activa,37.65,3.33,9023.25345678,False,Alta
30/01/2025 21:00,30,Activa,34.60,4.77,6845.36456789,False,Normal
30/01/2025 22:00,30,Activa,35.30,3.55,7567.47567890,False,Normal
30/01/2025 23:00,30,Activa,36.10,4.90,8389.58678901,False,Normal